name,repo,reference_url,source_type
30dayMakeCppServer,https://github.com/yuesong-feng/30dayMakeCppServer,,repo
360Controller,https://github.com/360Controller/360Controller,,repo
3proxy,https://github.com/3proxy/3proxy,,repo
7-Zip-zstd,https://github.com/mcmilk/7-Zip-zstd,,repo
abseil-cpp,https://github.com/abseil/abseil-cpp,,repo
acpica,https://github.com/acpica/acpica,,repo
activate-linux,https://github.com/MrGlockenspiel/activate-linux,,repo
acwj,https://github.com/DoctorWkt/acwj,,repo
AFLplusplus,https://github.com/AFLplusplus/AFLplusplus,,repo
aircrack-ng,https://github.com/aircrack-ng/aircrack-ng,,repo
algorithms_and_data_structures,https://github.com/mandliya/algorithms_and_data_structures,,repo
AliSQL,https://github.com/alibaba/AliSQL,,repo
android-art,https://android.googlesource.com/platform/art,,repo
android-cuttlefish,https://android.googlesource.com/device/google/cuttlefish,,repo
android-goldfish,https://android.googlesource.com/device/generic/goldfish,,repo
android-libhardware,https://android.googlesource.com/platform/hardware/libhardware,,repo
android-liblog,https://android.googlesource.com/platform/system/logging,,repo
android-ndk,https://android.googlesource.com/platform/ndk,,repo
android-soong,https://android.googlesource.com/platform/build/soong,,repo
android-system-core,https://android.googlesource.com/platform/system/core,,repo
aosp,https://android.googlesource.com/platform/manifest,,repo
apache-arrow,https://github.com/apache/arrow,,repo
apollo,https://github.com/ApolloAuto/apollo,,repo
AppImageLauncher,https://github.com/TheAssassin/AppImageLauncher,,repo
apt,https://salsa.debian.org/apt-team/apt.git,,repo
arangodb,https://github.com/arangodb/arangodb,,repo
Arduino-IRremote,https://github.com/Arduino-IRremote/Arduino-IRremote,,repo
ArduinoCore-API,https://github.com/arduino/ArduinoCore-API,,repo
ArduinoJson,https://github.com/bblanchon/ArduinoJson,,repo
ardupilot,https://github.com/ArduPilot/ardupilot,,repo
aria2,https://github.com/aria2/aria2,,repo
arm-trusted-firmware,https://github.com/ARM-software/arm-trusted-firmware,,repo
arrayfire,https://github.com/arrayfire/arrayfire,,repo
aseprite,https://github.com/aseprite/aseprite,,repo
asio,https://github.com/chriskohlhoff/asio,,repo
assimp,https://github.com/assimp/assimp,,repo
asuswrt-merlin.ng,https://github.com/RMerl/asuswrt-merlin.ng,,repo
atl,,https://learn.microsoft.com/,reference
atl-server,https://github.com/nicola-v/ATL-Server,,repo
Atmosphere,https://github.com/Atmosphere-NX/Atmosphere,,repo
autoconf,https://git.savannah.gnu.org/git/autoconf.git,,repo
automake,https://git.savannah.gnu.org/git/automake.git,,repo
aws-fleet-provisioning,https://github.com/aws/Fleet-Provisioning-for-AWS-IoT-embedded-sdk,,repo
aws-iot-device-defender,https://github.com/aws/Device-Defender-for-AWS-IoT-embedded-sdk,,repo
aws-iot-device-shadow,https://github.com/aws/Device-Shadow-for-AWS-IoT-embedded-sdk,,repo
aws-iot-jobs,https://github.com/aws/Jobs-for-AWS-IoT-embedded-sdk,,repo
aws-iot-ota,https://github.com/aws/ota-for-aws-iot-embedded-sdk,,repo
aws-sigv4,https://github.com/aws/SigV4-for-AWS-IoT-embedded-sdk,,repo
azure-iot-sdk-c,https://github.com/Azure/azure-iot-sdk-c,,repo
azure-sphere-sdk,,https://learn.microsoft.com/,reference
BackgroundMusic,https://github.com/kyleneideck/BackgroundMusic,,repo
backoff-algorithm,https://github.com/FreeRTOS/backoffAlgorithm,,repo
baekjoon,https://github.com/tony9402/baekjoon,,repo
barebox,https://github.com/barebox/barebox,,repo
bash,https://git.savannah.gnu.org/git/bash.git,,repo
bcc,https://github.com/iovisor/bcc,,repo
beanstalkd,https://github.com/beanstalkd/beanstalkd,,repo
bearssl,https://www.bearssl.org/gitweb/?p=BearSSL,,repo
berkeleydb,https://github.com/berkeleydb/libdb,,repo
binutils-gdb,https://sourceware.org/git/binutils-gdb.git,,repo
bionic,https://android.googlesource.com/platform/bionic,,repo
bison,https://github.com/akimd/bison,,repo
bitbake,https://github.com/openembedded/bitbake,,repo
blackmagic,https://github.com/blackmagic-debug/blackmagic.git,,repo
blink,https://github.com/jart/blink,,repo
bloaty,https://github.com/google/bloaty,,repo
bluez,https://github.com/bluez/bluez.git,,repo
bond,https://github.com/microsoft/bond,,repo
boost,https://github.com/boostorg/boost,,repo
boringssl,https://github.com/google/boringssl,,repo
botan,https://github.com/randombit/botan,,repo
box64,https://github.com/ptitSeb/box64,,repo
brotli,https://github.com/google/brotli,,repo
brpc,https://github.com/apache/brpc,,repo
btop,https://github.com/aristocratos/btop,,repo
btstack,https://github.com/bluekitchen/btstack,,repo
buildroot,https://github.com/buildroot/buildroot,,repo
busybox,https://git.busybox.net/busybox,,repo
c-ares,https://github.com/c-ares/c-ares,,repo
c2000ware-core-sdk,https://github.com/TexasInstruments/c2000ware-core-sdk,,repo
caesium-image-compressor,https://github.com/Lymphatus/caesium-image-compressor,,repo
caffe,https://github.com/BVLC/caffe,,repo
calculator,https://github.com/microsoft/calculator,,repo
can-utils,https://github.com/linux-can/can-utils,,repo
CANopenNode,https://github.com/CANopenNode/CANopenNode,,repo
capicxx-core-runtime,https://github.com/COVESA/capicxx-core-runtime,,repo
capicxx-dbus-runtime,https://github.com/COVESA/capicxx-dbus-runtime,,repo
capicxx-dbus-tools,https://github.com/COVESA/capicxx-dbus-tools,,repo
capicxx-someip-runtime,https://github.com/COVESA/capicxx-someip-runtime,,repo
capnproto,https://github.com/capnproto/capnproto,,repo
carla,https://github.com/carla-simulator/carla,,repo
Cataclysm-DDA,https://github.com/CleverRaven/Cataclysm-DDA,,repo
catch2,https://github.com/catchorg/Catch2,,repo
cava,https://github.com/karlstav/cava,,repo
cc32xx-open-sdk,https://github.com/TexasInstruments/cc32xx_open_sdk,,repo
Cello,https://github.com/orangeduck/Cello,,repo
cgal,https://github.com/CGAL/cgal,,repo
ChibiOS,https://github.com/ChibiOS/ChibiOS,,repo
chineseocr_lite,https://github.com/DayBreak-u/chineseocr_lite,,repo
chsrc,https://github.com/RubyMetric/chsrc,,repo
cJSON,https://github.com/DaveGamble/cJSON,,repo
clang,https://github.com/llvm/llvm-project,,repo
clay,https://github.com/nicbarker/clay,,repo
Clipboard,https://github.com/Slackadays/Clipboard,,repo
CMake,https://github.com/Kitware/CMake,,repo
cmock,https://github.com/ThrowTheSwitch/CMock,,repo
CMSIS-DSP,https://github.com/ARM-software/CMSIS-DSP,,repo
CMSIS-NN,https://github.com/ARM-software/CMSIS-NN,,repo
CMSIS_5,https://github.com/ARM-software/CMSIS_5,,repo
CnC_Red_Alert,https://github.com/electronicarts/CnC_Red_Alert,,repo
cntk,https://github.com/microsoft/CNTK,,repo
commonapi-tools,https://github.com/COVESA/capicxx-core-tools,,repo
ComputeLibrary,https://github.com/ARM-software/ComputeLibrary,,repo
conscrypt,https://github.com/google/conscrypt,,repo
contiki-ng,https://github.com/contiki-ng/contiki-ng,,repo
CopyQ,https://github.com/hluk/CopyQ,,repo
coreboot,https://github.com/coreboot/coreboot,,repo
coreHTTP,https://github.com/FreeRTOS/coreHTTP,,repo
coreJSON,https://github.com/FreeRTOS/coreJSON,,repo
coreMQTT,https://github.com/FreeRTOS/coreMQTT,,repo
coreMQTT-Agent,https://github.com/FreeRTOS/coreMQTT-Agent,,repo
corePKCS11,https://github.com/FreeRTOS/corePKCS11,,repo
coreSNTP,https://github.com/FreeRTOS/coreSNTP,,repo
coreutils,https://git.savannah.gnu.org/git/coreutils.git,,repo
cosmopolitan,https://github.com/jart/cosmopolitan,,repo
cosmos,https://github.com/OpenGenus/cosmos,,repo
cpp-httplib,https://github.com/yhirose/cpp-httplib,,repo
cpprestsdk,https://github.com/microsoft/cpprestsdk,,repo
cpputest,https://github.com/cpputest/cpputest,,repo
cppwinrt,https://github.com/microsoft/cppwinrt,,repo
cpr,https://github.com/libcpr/cpr,,repo
crosstool-ng,https://github.com/crosstool-ng/crosstool-ng,,repo
crow,https://github.com/ipkn/crow,,repo
CSPostgraduate-408,https://github.com/CodePanda66/CSPostgraduate-408,,repo
curl,https://github.com/curl/curl,,repo
cute_headers,https://github.com/RandyGaul/cute_headers,,repo
cutter,https://github.com/rizinorg/cutter,,repo
cyclonedds,https://github.com/eclipse-cyclonedds/cyclonedds,,repo
cyw43-driver,https://github.com/georgerobotics/cyw43-driver,,repo
DALI,https://github.com/NVIDIA/DALI,,repo
darwin-xnu,https://github.com/apple/darwin-xnu,,repo
dbus,https://gitlab.freedesktop.org/dbus/dbus,,repo
dcmqi,https://github.com/QIICR/dcmqi,,repo
dcmtk,https://github.com/DCMTK/dcmtk,,repo
deepin-wine-ubuntu,https://github.com/wszqkzqk/deepin-wine-ubuntu,,repo
DeepMind Lab,https://github.com/google-deepmind/lab,,repo
design_patterns,https://github.com/me115/design_patterns,,repo
deskhop,https://github.com/hrvach/deskhop,,repo
Detours,https://github.com/microsoft/Detours,,repo
dev-can-linux,https://github.com/Deniz-Eren/dev-can-linux,,repo
diffutils,https://git.savannah.gnu.org/git/diffutils.git,,repo
DirectX-Graphics-Samples,https://github.com/microsoft/DirectX-Graphics-Samples,,repo
directxmath,https://github.com/microsoft/DirectXMath,,repo
directxshadercompiler,https://github.com/microsoft/DirectXShaderCompiler,,repo
directxtk,https://github.com/microsoft/DirectXTK,,repo
directxtk12,https://github.com/microsoft/DirectXTK12,,repo
dlssg-to-fsr3,https://github.com/Nukem9/dlssg-to-fsr3,,repo
dlt-daemon,https://github.com/COVESA/dlt-daemon,,repo
dnsmasq,https://thekelleys.org.uk/dnsmasq,,repo
doctest,https://github.com/doctest/doctest,,repo
dogecoin,https://github.com/dogecoin/dogecoin,,repo
dolphin-emu,https://github.com/dolphin-emu/dolphin,,repo
DOOM,https://github.com/id-Software/DOOM,,repo
DOOM-3-BFG,https://github.com/id-Software/DOOM-3-BFG,,repo
doxygen,https://github.com/doxygen/doxygen,,repo
dperf,https://github.com/baidu/dperf,,repo
dpkg,https://salsa.debian.org/dpkg-team/dpkg.git,,repo
draco,https://github.com/google/draco,,repo
drogon,https://github.com/drogonframework/drogon,,repo
dropbear,https://github.com/mkj/dropbear,,repo
duckdb,https://github.com/duckdb/duckdb,,repo
Dummy-Robot,https://github.com/peng-zhihui/Dummy-Robot,,repo
dunst,https://github.com/dunst-project/dunst,,repo
dxvk,https://github.com/doitsujin/dxvk,,repo
e2fsprogs,https://git.kernel.org/pub/scm/fs/ext2/e2fsprogs.git,,repo
ecos,https://ecos.sourceware.org/,,repo
edgeai-gst-apps,https://github.com/TexasInstruments/edgeai-gst-apps,,repo
edgeai-gst-plugins,https://github.com/TexasInstruments/edgeai-gst-plugins,,repo
edk2,https://github.com/tianocore/edk2,,repo
eigen,https://gitlab.com/libeigen/eigen,,repo
envoy,https://github.com/envoyproxy/envoy,,repo
esp-idf,https://github.com/espressif/esp-idf.git,,repo
esp8266_deauther,https://github.com/SpacehuhnTech/esp8266_deauther,,repo
esp_wifi_repeater,https://github.com/martin-ger/esp_wifi_repeater,,repo
ethminer,https://github.com/ethereum-mining/ethminer,,repo
eudev,https://github.com/eudev-team/eudev,,repo
expat,https://github.com/libexpat/libexpat,,repo
f29h85x-sdk,https://github.com/TexasInstruments/f29h85x-sdk,,repo
fast-cdr,https://github.com/eProsima/Fast-CDR,,repo
fast-dds,https://github.com/eProsima/Fast-DDS,,repo
FasterTransformer,https://github.com/NVIDIA/FasterTransformer,,repo
fastfetch,https://github.com/fastfetch-cli/fastfetch,,repo
FastLED,https://github.com/FastLED/FastLED,,repo
fatfs,http://elm-chan.org/fsw/ff,,repo
FEX,https://github.com/FEX-Emu/FEX,,repo
FFmpeg,https://github.com/FFmpeg/FFmpeg,,repo
fftw,https://github.com/FFTW/fftw3,,repo
filament,https://github.com/google/filament,,repo
FileCentipede,https://github.com/filecxx/FileCentipede,,repo
filex,https://github.com/eclipse-threadx/filex,,repo
fio,https://github.com/axboe/fio,,repo
flameshot,https://github.com/flameshot-org/flameshot,,repo
flashlight,https://github.com/flashlight/flashlight,,repo
flashrom,https://github.com/flashrom/flashrom,,repo
flatbuffers,https://github.com/google/flatbuffers,,repo
fluent-bit,https://github.com/fluent/fluent-bit,,repo
flutter-desktop-embedding,https://github.com/google/flutter-desktop-embedding,,repo
flutter-engine,https://github.com/flutter/engine,,repo
fmt,https://github.com/fmtlib/fmt,,repo
folly,https://github.com/facebook/folly,,repo
fontforge,https://github.com/fontforge/fontforge,,repo
foundationdb,https://github.com/apple/foundationdb,,repo
fprime,https://github.com/nasa/fprime,,repo
franca-idl,https://github.com/franca/franca,,repo
freebsd,https://github.com/freebsd/freebsd-src,,repo
FreeCAD,https://github.com/FreeCAD/FreeCAD,,repo
FreeRDP,https://github.com/FreeRDP/FreeRDP,,repo
freertos,https://github.com/FreeRTOS/FreeRTOS,,repo
freertos-cellular-interface,https://github.com/FreeRTOS/FreeRTOS-Cellular-Interface,,repo
freertos-kernel,https://github.com/FreeRTOS/FreeRTOS-Kernel,,repo
freertos-plus-tcp,https://github.com/FreeRTOS/FreeRTOS-Plus-TCP,,repo
freetype,https://github.com/freetype/freetype,,repo
fswatch,https://github.com/emcrisostomo/fswatch,,repo
Game-Cheats-Manager,https://github.com/dyang886/Game-Cheats-Manager,,repo
gamemode,https://github.com/FeralInteractive/gamemode,,repo
gcc,https://github.com/gcc-mirror/gcc,,repo
gdal,https://github.com/OSGeo/gdal,,repo
gdb,https://sourceware.org/git/binutils-gdb.git,,repo
gdcm,https://github.com/malaterre/GDCM,,repo
gecko-sdk,https://github.com/SiliconLabs/gecko_sdk,,repo
gemma.cpp,https://github.com/google/gemma.cpp,,repo
gflags,https://github.com/gflags/gflags,,repo
ggml,https://github.com/ggml-org/ggml,,repo
ggwave,https://github.com/ggerganov/ggwave,,repo
gimp,https://github.com/GNOME/gimp,,repo
git,https://github.com/git/git,,repo
glew,https://github.com/nigels-com/glew,,repo
glfw,https://github.com/glfw/glfw,,repo
glib,https://github.com/GNOME/glib,,repo
glibc,https://sourceware.org/git/glibc.git,,repo
glog,https://github.com/google/glog,,repo
glusterfs,https://github.com/gluster/glusterfs,,repo
GmSSL,https://github.com/guanzhi/GmSSL,,repo
gnuradio,https://github.com/gnuradio/gnuradio,,repo
gnutls,https://gitlab.com/gnutls/gnutls,,repo
goaccess,https://github.com/allinurl/goaccess,,repo
goldendict,https://github.com/goldendict/goldendict,,repo
GoodbyeDPI,https://github.com/ValdikSS/GoodbyeDPI,,repo
googletest,https://github.com/google/googletest,,repo
Gource,https://github.com/acaudwell/Gource,,repo
gperftools,https://github.com/gperftools/gperftools,,repo
gpt4all,https://github.com/nomic-ai/gpt4all,,repo
grbl,https://github.com/grbl/grbl,,repo
grpc,https://github.com/grpc/grpc,,repo
grub,https://git.savannah.gnu.org/git/grub.git,,repo
GSL,https://github.com/microsoft/GSL,,repo
GuiLite,https://github.com/idea4good/GuiLite,,repo
guix,https://github.com/eclipse-threadx/guix,,repo
gzip,https://git.savannah.gnu.org/git/gzip.git,,repo
h3,https://github.com/uber/h3,,repo
Halide,https://github.com/halide/Halide,,repo
haproxy,https://github.com/haproxy/haproxy,,repo
harfbuzz,https://github.com/harfbuzz/harfbuzz,,repo
hash-library,https://github.com/stbrumme/hash-library,,repo
hashcat,https://github.com/hashcat/hashcat,,repo
hhvm,https://github.com/facebook/hhvm,,repo
highway,https://github.com/google/highway,,repo
hiredis,https://github.com/redis/hiredis,,repo
hostapd,https://w1.fi/cgit/hostap,,repo
hotspot,https://github.com/KDAB/hotspot,,repo
HP-Socket,https://github.com/ldcsaa/HP-Socket,,repo
htop,https://github.com/hishamhm/htop,,repo
Huawei_LiteOS,https://github.com/Awesome-HarmonyOS/HarmonyOS,,repo
HyperLPR,https://github.com/szad670401/HyperLPR,,repo
hyperscan,https://github.com/intel/hyperscan,,repo
Hyprland,https://github.com/hyprwm/Hyprland,,repo
i2c-tools,https://git.kernel.org/pub/scm/utils/i2c-tools/i2c-tools.git,,repo
i3,https://github.com/i3/i3,,repo
iceoryx,https://github.com/eclipse-iceoryx/iceoryx,,repo
icu,https://github.com/unicode-org/icu,,repo
ImageMagick,https://github.com/ImageMagick/ImageMagick,,repo
imgui,https://github.com/ocornut/imgui,,repo
ImHex,https://github.com/WerWolv/ImHex,,repo
ind-comms-sdk,https://github.com/TexasInstruments/ind-comms-sdk,,repo
input-leap,https://github.com/input-leap/input-leap,,repo
interpret,https://github.com/interpretml/interpret,,repo
iodine,https://github.com/yarrick/iodine,,repo
ios-webkit-debug-proxy,https://github.com/google/ios-webkit-debug-proxy,,repo
iproute2,https://git.kernel.org/pub/scm/network/iproute2/iproute2.git,,repo
iptables,https://git.netfilter.org/iptables,,repo
iSH,https://github.com/ish-app/ish,,repo
itk,https://github.com/InsightSoftwareConsortium/ITK,,repo
itlwm,https://github.com/OpenIntelWireless/itlwm,,repo
iw,https://git.kernel.org/pub/scm/linux/kernel/git/jberg/iw.git,,repo
jansson,https://github.com/akheron/jansson,,repo
jellyfin-desktop,https://github.com/jellyfin/jellyfin-desktop,,repo
jemalloc,https://github.com/jemalloc/jemalloc,,repo
JerryScript,https://github.com/jerryscript-project/jerryscript,,repo
john,https://github.com/openwall/john,,repo
jq,https://github.com/jqlang/jq,,repo
json-c,https://github.com/json-c/json-c,,repo
kalibr,https://github.com/ethz-asl/kalibr,,repo
Karabiner-Elements,https://github.com/pqrs-org/Karabiner-Elements,,repo
KBEngine,https://github.com/kbengine/kbengine,,repo
kcat,https://github.com/edenhill/kcat,,repo
keepassxc,https://github.com/keepassxreboot/keepassxc,,repo
keil-mdk-middleware,https://github.com/ARM-software/MDK-Middleware,,repo
KeyDB,https://github.com/Snapchat/KeyDB,,repo
kissfft,https://github.com/mborgerding/kissfft,,repo
klipper,https://github.com/Klipper3d/klipper,,repo
kmod,https://git.kernel.org/pub/scm/utils/kernel/kmod/kmod.git,,repo
Kodi (XBMC),https://github.com/xbmc/xbmc,,repo
L-ink_Card,https://github.com/peng-zhihui/L-ink_Card,,repo
LANDrop,https://github.com/LANDrop/LANDrop,,repo
ledger,https://github.com/ledger/ledger,,repo
leela-zero,https://github.com/leela-zero/leela-zero,,repo
LeetCode,https://github.com/wisdompeak/LeetCode,,repo
lely-core,https://github.com/lely-industries/lely-core,,repo
lepton,https://github.com/dropbox/lepton,,repo
leveldb,https://github.com/google/leveldb,,repo
levelx,https://github.com/eclipse-threadx/levelx,,repo
libarchive,https://github.com/libarchive/libarchive,,repo
libcap,https://git.kernel.org/pub/scm/libs/libcap/libcap.git,,repo
libcimbar,https://github.com/sz3/libcimbar,,repo
libcoap,https://github.com/obgm/libcoap.git,,repo
libcrc,https://github.com/lammertb/libcrc,,repo
libcyphal,https://github.com/UAVCAN/libuavcan,,repo
libdrm,https://gitlab.freedesktop.org/mesa/drm,,repo
libev,https://github.com/enki/libev,,repo
libevent,https://github.com/libevent/libevent,,repo
libfacedetection,https://github.com/ShiqiYu/libfacedetection,,repo
libftdi,https://developer.intra2net.com/git/?p=libftdi,,repo
libgcrypt,https://dev.gnupg.org/source/libgcrypt.git,,repo
libgit2,https://github.com/libgit2/libgit2,,repo
libgpiod,https://git.kernel.org/pub/scm/libs/libgpiod/libgpiod.git,,repo
libhv,https://github.com/ithewei/libhv,,repo
libigl,https://github.com/libigl/libigl,,repo
libiio,https://github.com/analogdevices/libiio,,repo
libjpeg-turbo,https://github.com/libjpeg-turbo/libjpeg-turbo,,repo
liblc3,https://github.com/google/liblc3,,repo
libmctp,https://github.com/openbmc/libmctp,,repo
libmetal,https://github.com/OpenAMP/libmetal,,repo
libmicrohttpd,https://git.gnunet.org/libmicrohttpd.git,,repo
libmodbus,https://github.com/stephane/libmodbus,,repo
libopencm3,https://github.com/libopencm3/libopencm3,,repo
libpag,https://github.com/Tencent/libpag,,repo
LibreCAD,https://github.com/LibreCAD/LibreCAD,,repo
LibreSprite,https://github.com/LibreSprite/LibreSprite,,repo
libressl,https://github.com/libressl/portable,,repo
Librum,https://github.com/Librum-Reader/Librum,,repo
libsbc,https://github.com/niclas-pfeifer/libsbc,,repo
libslirp,https://gitlab.freedesktop.org/slirp/libslirp,,repo
libsodium,https://github.com/jedisct1/libsodium,,repo
libssh2,https://github.com/libssh2/libssh2,,repo
libtomcrypt,https://github.com/libtom/libtomcrypt,,repo
libui,https://github.com/andlabs/libui,,repo
libusb,https://github.com/libusb/libusb,,repo
libuv,https://github.com/libuv/libuv,,repo
libvips,https://github.com/libvips/libvips,,repo
libwebsockets,https://github.com/warmcat/libwebsockets,,repo
libxml2,https://gitlab.gnome.org/GNOME/libxml2,,repo
libyaml,https://github.com/yaml/libyaml,,repo
libzip,https://github.com/nih-at/libzip,,repo
libzmq,https://github.com/zeromq/libzmq,,repo
LICEcap,https://github.com/justinfrankel/licecap,,repo
LIEF,https://github.com/lief-project/LIEF,,repo
LightGBM,https://github.com/microsoft/LightGBM,,repo
lighttpd,https://github.com/lighttpd/lighttpd1.4,,repo
linux,https://git.kernel.org/pub/scm/linux/kernel/git/torvalds/linux.git,,repo
liquid-dsp,https://github.com/jgaeddert/liquid-dsp,,repo
liquidfun,https://github.com/google/liquidfun,,repo
littlefs,https://github.com/littlefs-project/littlefs,,repo
llamafile,https://github.com/mozilla-ai/llamafile,,repo
llvm-project,https://github.com/llvm/llvm-project,,repo
lmdb,https://github.com/LMDB/lmdb,,repo
log4cplus,https://github.com/log4cplus/log4cplus,,repo
Logan,https://github.com/Meituan-Dianping/Logan,,repo
LookingGlass,https://github.com/gnif/LookingGlass,,repo
lora-basics-modem,https://github.com/Lora-net/SWL2001,,repo
loramac-node,https://github.com/Lora-net/LoRaMac-node,,repo
love,https://github.com/love2d/love,,repo
lttng-tools,https://github.com/lttng/lttng-tools,,repo
lttng-ust,https://github.com/lttng/lttng-ust,,repo
lua-nginx-module,https://github.com/openresty/lua-nginx-module,,repo
LuaJIT,https://github.com/LuaJIT/LuaJIT,,repo
luanti,https://github.com/luanti-org/luanti,,repo
Luma3DS,https://github.com/LumaTeam/Luma3DS,,repo
LunaTranslator,https://github.com/HIllya51/LunaTranslator,,repo
lvgl,https://github.com/lvgl/lvgl,,repo
lwan,https://github.com/lpereira/lwan,,repo
lwip,https://github.com/lwip-tcpip/lwip.git,,repo
lxc,https://github.com/lxc/lxc,,repo
lz4,https://github.com/lz4/lz4,,repo
magic_enum,https://github.com/Neargye/magic_enum,,repo
Magnum,https://github.com/mosra/magnum,,repo
make,https://git.savannah.gnu.org/git/make.git,,repo
manticoresearch,https://github.com/manticoresoftware/manticoresearch,,repo
MariaDB Server,https://github.com/MariaDB/server,,repo
Marlin,https://github.com/MarlinFirmware/Marlin,,repo
mars,https://github.com/Tencent/mars,,repo
masscan,https://github.com/robertdavidgraham/masscan,,repo
MBE,https://github.com/RPISEC/MBE,,repo
mbed-os,https://github.com/ARMmbed/mbed-os,,repo
mbedtls,https://github.com/Mbed-TLS/mbedtls,,repo
mcu-plus-sdk-am62ax,https://github.com/TexasInstruments/mcupsdk-core-k3,,repo
mcuboot,https://github.com/mcu-tools/mcuboot,,repo
mcupsdk-core,https://github.com/TexasInstruments/mcupsdk-core,,repo
mcux-sdk,https://github.com/nxp-mcuxpresso/mcux-sdk.git,,repo
mdp,https://github.com/visit1985/mdp,,repo
mender,https://github.com/mendersoftware/mender,,repo
mesa,https://gitlab.freedesktop.org/mesa/mesa,,repo
meshoptimizer,https://github.com/zeux/meshoptimizer,,repo
meshtastic-firmware,https://github.com/meshtastic/firmware,,repo
meson,https://github.com/mesonbuild/meson,,repo
mesos,https://github.com/apache/mesos,,repo
mfc,,https://learn.microsoft.com/,reference
mGBA,https://github.com/mgba-emu/mgba,,repo
micropython,https://github.com/micropython/micropython,,repo
microsoft-ui-xaml,https://github.com/microsoft/microsoft-ui-xaml,,repo
mimalloc,https://github.com/microsoft/mimalloc,,repo
MinHook,https://github.com/TsudaKageyu/minhook,,repo
miniaudio,https://github.com/mackron/miniaudio,,repo
minizip,https://github.com/madler/zlib,,repo
mipi-sys-t,https://github.com/MIPI-Alliance/public-mipi-sys-t,,repo
mixxx,https://github.com/mixxxdj/mixxx,,repo
mjolnir,https://github.com/mjolnirapp/mjolnir,,repo
mlpack,https://github.com/mlpack/mlpack,,repo
MMKV,https://github.com/Tencent/MMKV,,repo
mmwave-sdk,https://www.ti.com/tool/MMWAVE-SDK,,repo
MNN,https://github.com/alibaba/MNN,,repo
mold,https://github.com/rui314/mold,,repo
monero,https://github.com/monero-project/monero,,repo
mongoose,https://github.com/cesanta/mongoose,,repo
moonlight-qt,https://github.com/moonlight-stream/moonlight-qt,,repo
mosh,https://github.com/mobile-shell/mosh,,repo
mosquitto,https://github.com/eclipse/mosquitto,,repo
motor-control-sdk,https://github.com/TexasInstruments/motor-control-sdk,,repo
mozjpeg,https://github.com/mozilla/mozjpeg,,repo
mpv,https://github.com/mpv-player/mpv,,repo
mquickjs,https://github.com/bellard/mquickjs,,repo
ms-gsl,https://github.com/microsoft/GSL,,repo
msgpack-c,https://github.com/msgpack/msgpack-c,,repo
mspm0-sdk,https://github.com/TexasInstruments/mspm0-sdk,,repo
mspm33-sdk,https://www.ti.com/tool/MSPM33-SDK,,repo
msvc-stl,https://github.com/microsoft/STL,,repo
mtd-utils,https://git.infradead.org/mtd-utils.git,,repo
MTProxy,https://github.com/TelegramMessenger/MTProxy,,repo
mtwister,https://github.com/ESultanik/mtwister,,repo
mujoco,https://github.com/google-deepmind/mujoco,,repo
mumble,https://github.com/mumble-voip/mumble,,repo
musl,https://git.musl-libc.org/cgit/musl,,repo
mxnet,https://github.com/apache/mxnet,,repo
mynewt-core,https://github.com/apache/mynewt-core,,repo
mynewt-nimble,https://github.com/apache/mynewt-nimble,,repo
mysql-server,https://github.com/mysql/mysql-server,,repo
MyTinySTL,https://github.com/Alinshans/MyTinySTL,,repo
n2n,https://github.com/ntop/n2n,,repo
naiveproxy,https://github.com/klzgrad/naiveproxy,,repo
nanomsg,https://github.com/nanomsg/nanomsg,,repo
nanopb,https://github.com/nanopb/nanopb,,repo
Natron,https://github.com/NatronGitHub/Natron,,repo
ncurses,https://github.com/mirror/ncurses,,repo
NebulaGraph,https://github.com/vesoft-inc/nebula,,repo
nekoray,https://github.com/MatsuriDayo/nekoray,,repo
netdata,https://github.com/netdata/netdata,,repo
nettle,https://git.lysator.liu.se/nettle/nettle,,repo
netxduo,https://github.com/eclipse-threadx/netxduo,,repo
newlib,https://sourceware.org/git/newlib-cygwin.git,,repo
nftables,https://git.netfilter.org/nftables,,repo
nghttp2,https://github.com/nghttp2/nghttp2,,repo
nginx,https://github.com/nginx/nginx,,repo
nginx-rtmp-module,https://github.com/arut/nginx-rtmp-module,,repo
nginx-unit,https://github.com/nginx/unit,,repo
ninja,https://github.com/ninja-build/ninja.git,,repo
nix,https://github.com/NixOS/nix,,repo
nlohmann-json,https://github.com/nlohmann/json,,repo
nmap,https://github.com/nmap/nmap,,repo
nng,https://github.com/nanomsg/nng,,repo
noise-suppression-for-voice,https://github.com/werman/noise-suppression-for-voice,,repo
noMeiryoUI,https://github.com/Tatsu-syo/noMeiryoUI,,repo
notepad-plus-plus,https://github.com/notepad-plus-plus/notepad-plus-plus,,repo
nrf-connect-sdk,https://github.com/nrfconnect/sdk-nrf,,repo
nrf-wifi,https://github.com/nrfconnect/sdk-nrf,,repo
nrfx,https://github.com/NordicSemiconductor/nrfx,,repo
Nuklear,https://github.com/Immediate-Mode-UI/Nuklear,,repo
nuttx,https://github.com/apache/nuttx,,repo
nvtop,https://github.com/Syllo/nvtop,,repo
obs-studio,https://github.com/obsproject/obs-studio,,repo
oceanbase,https://github.com/oceanbase/oceanbase,,repo
oneTBB,https://github.com/uxlfoundation/oneTBB,,repo
onnxruntime,https://github.com/microsoft/onnxruntime,,repo
oot,https://github.com/zeldaret/oot,,repo
open-amp,https://github.com/OpenAMP/open-amp,,repo
open-gpu-kernel-modules,https://github.com/NVIDIA/open-gpu-kernel-modules,,repo
open1722,https://github.com/COVESA/Open1722,,repo
Open3D,https://github.com/isl-org/Open3D,,repo
open62541,https://github.com/open62541/open62541,,repo
openalpr,https://github.com/openalpr/openalpr,,repo
OpenBLAS,https://github.com/OpenMathLib/OpenBLAS,,repo
openbsd,https://github.com/openbsd/src,,repo
OpenCorePkg,https://github.com/acidanthera/OpenCorePkg,,repo
opencv,https://github.com/opencv/opencv,,repo
openembedded-core,https://github.com/openembedded/openembedded-core,,repo
openFrameworks,https://github.com/openframeworks/openFrameworks,,repo
openigtlink,https://github.com/openigtlink/OpenIGTLink,,repo
OpenLara,https://github.com/XProger/OpenLara,,repo
openMVG,https://github.com/openMVG/openMVG,,repo
OpenMW,https://github.com/OpenMW/openmw,,repo
openocd,https://github.com/openocd-org/openocd.git,,repo
openpilot,https://github.com/commaai/openpilot,,repo
openpose,https://github.com/CMU-Perceptual-Computing-Lab/openpose,,repo
openrc,https://github.com/OpenRC/openrc,,repo
OpenSpeedy,https://github.com/game1024/OpenSpeedy,,repo
openssh,https://github.com/openssh/openssh-portable,,repo
openssl,https://github.com/openssl/openssl,,repo
openthread,https://github.com/openthread/openthread,,repo
OpenToonz,https://github.com/opentoonz/opentoonz,,repo
OpenTTD,https://github.com/OpenTTD/OpenTTD,,repo
OpenUSD,https://github.com/PixarAnimationStudios/OpenUSD,,repo
openvino,https://github.com/openvinotoolkit/openvino,,repo
openvpn,https://github.com/OpenVPN/openvpn,,repo
openvr,https://github.com/ValveSoftware/openvr,,repo
openwrt,https://github.com/openwrt/openwrt,,repo
optee_os,https://github.com/OP-TEE/optee_os,,repo
or-tools,https://github.com/google/or-tools,,repo
ORB_SLAM2,https://github.com/raulmur/ORB_SLAM2,,repo
OrcaSlicer,https://github.com/OrcaSlicer/OrcaSlicer,,repo
orthanc,https://github.com/jodogne/OrthancMirror,,repo
ossec-hids,https://github.com/ossec/ossec-hids,,repo
ot-ti,https://github.com/TexasInstruments/ot-ti,,repo
Paddle-Lite,https://github.com/PaddlePaddle/Paddle-Lite,,repo
paho-mqtt-cpp,https://github.com/eclipse-paho/paho.mqtt.cpp,,repo
paho.mqtt.embedded-c,https://github.com/eclipse-paho/paho.mqtt.embedded-c,,repo
palera1n,https://github.com/palera1n/palera1n,,repo
panda3d,https://github.com/panda3d/panda3d,,repo
passenger,https://github.com/phusion/passenger,,repo
pbrt-v3,https://github.com/mmp/pbrt-v3,,repo
pcl,https://github.com/PointCloudLibrary/pcl,,repo
pcre2,https://github.com/PCRE2Project/pcre2,,repo
PebbleOS,https://github.com/google/pebble,,repo
percepio-dfm,https://github.com/percepio/DevAlert,,repo
percepio-tracealyzer,https://github.com/percepio/TraceRecorderSource,,repo
perfetto,https://github.com/google/perfetto,,repo
pgvector,https://github.com/pgvector/pgvector,,repo
php,https://github.com/php/php-src,,repo
phpredis,https://github.com/phpredis/phpredis,,repo
Piccolo,https://github.com/BoomingTech/Piccolo,,repo
pico-sdk,https://github.com/raspberrypi/pico-sdk.git,,repo
picolibc,https://github.com/picolibc/picolibc,,repo
picotcp,https://github.com/tass-belgium/picotcp,,repo
PlotJuggler,https://github.com/facontidavide/PlotJuggler,,repo
pngmeta,https://github.com/glennrp/libpng,,repo
poky,https://github.com/yoctoproject/poky,,repo
polybar,https://github.com/polybar/polybar,,repo
ponyc,https://github.com/ponylang/ponyc,,repo
PostgreSQL,https://github.com/postgres/postgres,,repo
procps-ng,https://gitlab.com/procps-ng/procps,,repo
protobuf,https://github.com/protocolbuffers/protobuf,,repo
protobuf-c,https://github.com/protobuf-c/protobuf-c,,repo
Proton,https://github.com/ValveSoftware/Proton,,repo
proxmark3,https://github.com/RfidResearchGroup/proxmark3,,repo
proxychains-ng,https://github.com/rofl0r/proxychains-ng,,repo
proxysql,https://github.com/sysown/proxysql,,repo
puerts,https://github.com/Tencent/puerts,,repo
pugixml,https://github.com/zeux/pugixml,,repo
qBittorrent,https://github.com/qbittorrent/qBittorrent,,repo
qemu,https://github.com/qemu/qemu,,repo
QGIS,https://github.com/qgis/QGIS,,repo
qnx-bsp,https://github.com/qnx,,repo
qnx-build-files,https://github.com/qnx-ports/build-files,,repo
QOwnNotes,https://github.com/pbek/QOwnNotes,,repo
qtbase,https://code.qt.io/qt/qtbase.git,,repo
QtScrcpy,https://github.com/barry-ran/QtScrcpy,,repo
Quake,https://github.com/id-Software/Quake,,repo
quickjs,https://github.com/bellard/quickjs,,repo
Qv2ray,https://github.com/Qv2ray/Qv2ray,,repo
rabbitmq-c,https://github.com/alanxz/rabbitmq-c,,repo
radare2,https://github.com/radareorg/radare2,,repo
raddebugger,https://github.com/EpicGamesExt/raddebugger,,repo
rapidjson,https://github.com/Tencent/rapidjson,,repo
rauc,https://github.com/rauc/rauc,,repo
re2,https://github.com/google/re2,,repo
ReactOS,https://github.com/reactos/reactos,,repo
readline,https://git.savannah.gnu.org/git/readline.git,,repo
recastnavigation,https://github.com/recastnavigation/recastnavigation,,repo
redex,https://github.com/facebook/redex,,repo
redis,https://github.com/huangzworks/redis-3.0-annotated,,repo
redis,https://github.com/redis/redis,,repo
RedisDesktopManager,https://github.com/redis/RedisDesktopManager,,repo
RediSearch,https://github.com/RediSearch/RediSearch,,repo
redpanda,https://github.com/redpanda-data/redpanda,,repo
redshift,https://github.com/jonls/redshift,,repo
Relativty,https://github.com/relativty/Relativty,,repo
reliance-edge,https://github.com/nicklasb/RelFS,,repo
renesas-fsp,https://github.com/renesas/fsp,,repo
reptyr,https://github.com/nelhage/reptyr,,repo
RetroArch,https://github.com/libretro/RetroArch,,repo
RIOT,https://github.com/RIOT-OS/RIOT,,repo
rippled,https://github.com/XRPLF/rippled,,repo
rocksdb,https://github.com/facebook/rocksdb,,repo
rr,https://github.com/rr-debugger/rr,,repo
rt-thread,https://github.com/RT-Thread/rt-thread,,repo
rtems,https://github.com/RTEMS/rtems,,repo
rtl_433,https://github.com/merbanan/rtl_433,,repo
s2n-tls,https://github.com/aws/s2n-tls,,repo
Sandboxie,https://github.com/sandboxie-plus/Sandboxie,,repo
sc-im,https://github.com/andmarti1424/sc-im,,repo
sdbus-cpp,https://github.com/Kistler-Group/sdbus-cpp,,repo
SDL,https://github.com/libsdl-org/SDL,,repo
sdl2,https://github.com/libsdl-org/SDL,,repo
SDRPlusPlus,https://github.com/AlexandreRouma/SDRPlusPlus,,repo
seal,https://github.com/microsoft/SEAL,,repo
segger-systemview,https://github.com/niclas-pfeifer/segger-systemview,,repo
sel4,https://github.com/seL4/seL4,,repo
sentencepiece,https://github.com/google/sentencepiece,,repo
SerenityOS,https://github.com/SerenityOS/serenity,,repo
Serial-Studio,https://github.com/Serial-Studio/Serial-Studio,,repo
SFML,https://github.com/SFML/SFML,,repo
shaderc,https://github.com/google/shaderc,,repo
shadowsocks-libev,https://github.com/shadowsocks/shadowsocks-libev,,repo
shadPS4,https://github.com/shadps4-emu/shadPS4,,repo
Shell,https://github.com/moudey/Shell,,repo
shotcut,https://github.com/mltframework/shotcut,,repo
siege,https://github.com/JoeDog/siege,,repo
Sigil,https://github.com/Sigil-Ebook/Sigil,,repo
simdjson,https://github.com/simdjson/simdjson,,repo
simplelink-lowpower-f2-sdk,https://github.com/TexasInstruments/simplelink-lowpower-f2-sdk,,repo
simplelink-lowpower-f3-sdk,https://github.com/TexasInstruments/simplelink-lowpower-f3-sdk,,repo
simplelink-wifi-sdk,https://github.com/TexasInstruments/simplelink-wifi-sdk,,repo
SketchyBar,https://github.com/FelixKratz/SketchyBar,,repo
skia,https://github.com/google/skia,,repo
slambook,https://github.com/gaoxiang12/slambook,,repo
slambook2,https://github.com/gaoxiang12/slambook2,,repo
smartknob,https://github.com/scottbez1/smartknob,,repo
snapcast,https://github.com/snapcast/snapcast,,repo
snappy,https://github.com/google/snappy,,repo
soci,https://github.com/SOCI/soci,,repo
SoftEtherVPN,https://github.com/SoftEtherVPN/SoftEtherVPN,,repo
sol2,https://github.com/ThePhD/sol2,,repo
sonic-pi,https://github.com/sonic-pi-net/sonic-pi,,repo
Sourcetrail,https://github.com/CoatiSoftware/Sourcetrail,,repo
spdlog,https://github.com/gabime/spdlog,,repo
spiffs,https://github.com/pellepl/spiffs.git,,repo
spirv-tools,https://github.com/KhronosGroup/SPIRV-Tools,,repo
SQLAdvisor,https://github.com/Meituan-Dianping/SQLAdvisor,,repo
sqlcipher,https://github.com/sqlcipher/sqlcipher,,repo
sqlite,https://github.com/sqlite/sqlite,,repo
sqlite,https://github.com/tursodatabase/libsql,,repo
sqlitebrowser,https://github.com/sqlitebrowser/sqlitebrowser,,repo
sqlitestudio,https://github.com/pawelsalawa/sqlitestudio,,repo
srs,https://github.com/ossrs/srs,,repo
sslh,https://github.com/yrutschle/sslh,,repo
stable-diffusion.cpp,https://github.com/leejet/stable-diffusion.cpp,,repo
stb,https://github.com/nothings/stb,,repo
stdcxx,https://github.com/apache/stdcxx,,repo
STL,https://github.com/microsoft/STL,,repo
stlink,https://github.com/stlink-org/stlink.git,,repo
STM32CubeF1,https://github.com/STMicroelectronics/STM32CubeF1,,repo
STM32CubeF4,https://github.com/STMicroelectronics/STM32CubeF4,,repo
STM32CubeF7,https://github.com/STMicroelectronics/STM32CubeF7,,repo
STM32CubeH7,https://github.com/STMicroelectronics/STM32CubeH7,,repo
STM32CubeL4,https://github.com/STMicroelectronics/STM32CubeL4,,repo
STM32CubeMP1,https://github.com/STMicroelectronics/STM32CubeMP1,,repo
STM32CubeWB,https://github.com/STMicroelectronics/STM32CubeWB,,repo
STM32CubeWL,https://github.com/STMicroelectronics/STM32CubeWL,,repo
Stockfish,https://github.com/official-stockfish/Stockfish,,repo
strace,https://github.com/strace/strace,,repo
subconverter,https://github.com/tindy2013/subconverter,,repo
SumatraPDF,https://github.com/sumatrapdfreader/sumatrapdf,,repo
SuperCollider,https://github.com/supercollider/supercollider,,repo
SuperTuxKart,https://github.com/supertuxkart/stk-code,,repo
suricata,https://github.com/OISF/suricata,,repo
sway,https://github.com/swaywm/sway,,repo
swupdate,https://github.com/sbabic/swupdate,,repo
sysbench,https://github.com/akopytov/sysbench,,repo
syslinux,https://repo.or.cz/syslinux.git,,repo
systemd,https://github.com/systemd/systemd,,repo
Taskflow,https://github.com/taskflow/taskflow,,repo
Tasmota,https://github.com/arendst/Tasmota,,repo
tbb,https://github.com/oneapi-src/oneTBB,,repo
tbox,https://github.com/tboox/tbox,,repo
tcmalloc,https://github.com/google/tcmalloc,,repo
TDengine,https://github.com/taosdata/TDengine,,repo
tdesktop,https://github.com/telegramdesktop/tdesktop,,repo
tengine,https://github.com/alibaba/tengine,,repo
tensorflow,https://github.com/tensorflow/tensorflow,,repo
tensorflow-lite,https://github.com/tensorflow/tensorflow,,repo
tensorflow-serving,https://github.com/tensorflow/serving,,repo
TensorRT,https://github.com/NVIDIA/TensorRT,,repo
tesseract,https://github.com/tesseract-ocr/tesseract,,repo
tg,https://github.com/vysheng/tg,,repo
thc-hydra,https://github.com/vanhauser-thc/thc-hydra,,repo
The-Forge,https://github.com/ConfettiFX/The-Forge,,repo
the_silver_searcher,https://github.com/ggreer/the_silver_searcher,,repo
TheAlgorithms C-Plus-Plus,https://github.com/TheAlgorithms/C-Plus-Plus,,repo
TheAlgorithms-C,https://github.com/TheAlgorithms/C,,repo
thorium,https://github.com/Alex313031/thorium,,repo
threadx,https://github.com/eclipse-threadx/threadx,,repo
thrift,https://github.com/apache/thrift,,repo
thrust,https://github.com/NVIDIA/thrust,,repo
ti-drivers,https://www.ti.com/tool/TI-RTOS-MCU,,repo
ti-ipc,https://www.ti.com/tool/TI-RTOS-MCU,,repo
ti-msp430-driverlib,https://www.ti.com/tool/MSPDRIVERLIB,,repo
ti-msp430-grlib,https://www.ti.com/tool/MSP-GRLIB,,repo
ti-msp430-usblib,https://www.ti.com/tool/MSP430USBDEVPACK,,repo
ti-msp432-driverlib,https://www.ti.com/tool/MSPDRIVERLIB,,repo
ti-ndk,https://www.ti.com/tool/TI-RTOS-MCU,,repo
ti-sysbios,https://www.ti.com/tool/TI-RTOS-MCU,,repo
ti-uia,https://www.ti.com/tool/TI-RTOS-MCU,,repo
ti-xdctools,https://www.ti.com/tool/CCSTUDIO,,repo
TIC-80,https://github.com/nesbox/TIC-80,,repo
tig,https://github.com/jonas/tig,,repo
tigervnc,https://github.com/TigerVNC/tigervnc,,repo
tiled,https://github.com/mapeditor/tiled,,repo
timescaledb,https://github.com/timescale/timescaledb,,repo
tiny-dnn,https://github.com/tiny-dnn/tiny-dnn,,repo
tinycbor,https://github.com/nicktrandafil/tinycbor,,repo
tinycrypt,https://github.com/intel/tinycrypt,,repo
tinyproxy,https://github.com/tinyproxy/tinyproxy,,repo
tinyusb,https://github.com/hathach/tinyusb,,repo
tinyxml2,https://github.com/leethomason/tinyxml2,,repo
tiovx,https://github.com/TexasInstruments/tiovx,,repo
tmate,https://github.com/tmate-io/tmate,,repo
tmux,https://github.com/tmux/tmux,,repo
ToaruOS,https://github.com/klange/toaruos,,repo
toybox,https://github.com/landley/toybox,,repo
tracy,https://github.com/wolfpld/tracy,,repo
transmission,https://github.com/transmission/transmission,,repo
TrinityCore,https://github.com/TrinityCore/TrinityCore,,repo
trojan,https://github.com/trojan-gfw/trojan,,repo
trusty,https://android.googlesource.com/trusty/lk/trusty,,repo
turicreate,https://github.com/apple/turicreate,,repo
twemproxy,https://github.com/twitter/twemproxy,,repo
u-boot,https://github.com/u-boot/u-boot,,repo
u8g2,https://github.com/olikraus/u8g2,,repo
UACME,https://github.com/hfiref0x/UACME,,repo
uC-OS2,https://github.com/weston-embedded/uC-OS2,,repo
uclibc-ng,https://github.com/wbx-github/uclibc-ng,,repo
ucos3,https://github.com/SiliconLabs/uC-OS3,,repo
UDPspeeder,https://github.com/wangyu-/UDPspeeder,,repo
UEFITool,https://github.com/LongSoft/UEFITool,,repo
uip,https://github.com/adamdunkels/uip,,repo
Undecimus,https://github.com/pwn20wndstuff/Undecimus,,repo
unity,https://github.com/ThrowTheSwitch/Unity,,repo
uoscore-uedhoc,https://github.com/eriptic/uoscore-uedhoc,,repo
upx,https://github.com/upx/upx,,repo
usbx,https://github.com/eclipse-threadx/usbx,,repo
userspace-rcu,https://github.com/urcu/userspace-rcu,,repo
util-linux,https://github.com/util-linux/util-linux,,repo
uwebsockets,https://github.com/uNetworking/uWebSockets,,repo
v8,https://github.com/v8/v8,,repo
valkey,https://github.com/valkey-io/valkey,,repo
vcpkg,https://github.com/microsoft/vcpkg-tool,,repo
vcpkg-registry,https://github.com/microsoft/vcpkg,,repo
Ventoy,https://github.com/ventoy/Ventoy,,repo
vicinae,https://github.com/vicinaehq/vicinae,,repo
video2x,https://github.com/k4yt3x/video2x,,repo
vlc,https://github.com/videolan/vlc,,repo
vnote,https://github.com/vnotex/vnote,,repo
vsomeip,https://github.com/COVESA/vsomeip,,repo
vtk,https://github.com/Kitware/VTK,,repo
vulkan-headers,https://github.com/KhronosGroup/Vulkan-Headers,,repo
vulkan-loader,https://github.com/KhronosGroup/Vulkan-Loader,,repo
Vulkan-Samples,https://github.com/KhronosGroup/Vulkan-Samples,,repo
Waifu2x-Extension-GUI,https://github.com/AaronFeng753/Waifu2x-Extension-GUI,,repo
WasmEdge,https://github.com/WasmEdge/WasmEdge,,repo
watchman,https://github.com/facebook/watchman,,repo
wav2letter,https://github.com/flashlight/wav2letter,,repo
Waybar,https://github.com/Alexays/Waybar,,repo
wayland,https://gitlab.freedesktop.org/wayland/wayland,,repo
wazuh,https://github.com/wazuh/wazuh,,repo
wdf,https://github.com/microsoft/Windows-Driver-Frameworks,,repo
websocketpp,https://github.com/zaphoyd/websocketpp,,repo
webview,https://github.com/webview/webview,,repo
WechatExporter,https://github.com/BlueMatthew/WechatExporter,,repo
weston,https://gitlab.freedesktop.org/wayland/weston,,repo
which,https://git.savannah.gnu.org/git/which.git,,repo
whisper.cpp,https://github.com/ggml-org/whisper.cpp,,repo
wil,https://github.com/microsoft/wil,,repo
wiliwili,https://github.com/xfangfang/wiliwili,,repo
WinBtrfs,https://github.com/maharmstone/btrfs,,repo
wince-bluetooth,,https://learn.microsoft.com/en-us/previous-versions/windows/embedded/,reference
wince-com,,https://learn.microsoft.com/en-us/previous-versions/windows/embedded/,reference
wince-compact-framework,,https://learn.microsoft.com/en-us/previous-versions/windows/embedded/,reference
wince-coredll,,https://learn.microsoft.com/en-us/previous-versions/windows/embedded/,reference
wince-crt,,https://learn.microsoft.com/en-us/previous-versions/windows/embedded/,reference
wince-directshow,,https://learn.microsoft.com/en-us/previous-versions/windows/embedded/,reference
wince-directx,,https://learn.microsoft.com/en-us/previous-versions/windows/embedded/,reference
wince-fsdmgr,,https://learn.microsoft.com/en-us/previous-versions/windows/embedded/,reference
wince-gwe,,https://learn.microsoft.com/en-us/previous-versions/windows/embedded/,reference
wince-gwes,,https://learn.microsoft.com/en-us/previous-versions/windows/embedded/,reference
wince-ie,,https://learn.microsoft.com/en-us/previous-versions/windows/embedded/,reference
wince-networking,,https://learn.microsoft.com/en-us/previous-versions/windows/embedded/,reference
wince-rapi,,https://learn.microsoft.com/en-us/previous-versions/windows/embedded/,reference
wince-sqlce,,https://learn.microsoft.com/en-us/previous-versions/windows/embedded/,reference
windhawk,https://github.com/ramensoftware/windhawk,,repo
windows-ce,,https://learn.microsoft.com/en-us/previous-versions/windows/embedded/,reference
windows-ce-5,,https://learn.microsoft.com/en-us/previous-versions/windows/embedded/,reference
windows-ce-6,,https://learn.microsoft.com/en-us/previous-versions/windows/embedded/,reference
windows-ce-bsp,,https://learn.microsoft.com/en-us/previous-versions/windows/embedded/,reference
windows-ce-build,,https://learn.microsoft.com/en-us/previous-versions/windows/embedded/,reference
Windows-driver-samples,https://github.com/microsoft/Windows-driver-samples,,repo
windows-embedded-compact-2013,,https://learn.microsoft.com/en-us/previous-versions/windows/embedded/,reference
windows-embedded-compact-7,,https://learn.microsoft.com/en-us/previous-versions/windows/embedded/,reference
windows-terminal,https://github.com/microsoft/terminal,,repo
winget-cli,https://github.com/microsoft/winget-cli,,repo
WinObjC,https://github.com/microsoft/WinObjC,,repo
winpcap,https://github.com/wireshark/winpcap,,repo
wkhtmltopdf,https://github.com/wkhtmltopdf/wkhtmltopdf,,repo
wolfssl,https://github.com/wolfSSL/wolfssl,,repo
wondertrader,https://github.com/wondertrader/wondertrader,,repo
workflow,https://github.com/sogou/workflow,,repo
wpa_supplicant,https://w1.fi/cgit/hostap,,repo
wrk,https://github.com/wg/wrk,,repo
WSL,https://github.com/microsoft/WSL,,repo
WSL2-Linux-Kernel,https://github.com/microsoft/WSL2-Linux-Kernel,,repo
WSLg,https://github.com/microsoft/wslg,,repo
wtl,https://sourceforge.net/projects/wtl/,,repo
wxwidgets,https://github.com/wxWidgets/wxWidgets,,repo
X-TRACK,https://github.com/FASTSHIFT/X-TRACK,,repo
xerces-c,https://github.com/apache/xerces-c,,repo
xhyve,https://github.com/machyve/xhyve,,repo
xiaozhi-esp32,https://github.com/78/xiaozhi-esp32,,repo
xLua,https://github.com/Tencent/xLua,,repo
xournalpp,https://github.com/xournalpp/xournalpp,,repo
xrdp,https://github.com/neutrinolabs/xrdp,,repo
xxHash,https://github.com/Cyan4973/xxHash,,repo
xz,https://git.tukaani.org/xz.git,,repo
yabai,https://github.com/asmvik/yabai,,repo
yaml-cpp,https://github.com/jbeder/yaml-cpp,,repo
z3,https://github.com/Z3Prover/z3,,repo
zcash,https://github.com/zcash/zcash,,repo
zcbor,https://github.com/NordicSemiconductor/zcbor,,repo
zeal,https://github.com/zealdocs/zeal,,repo
Zelda64Recomp,https://github.com/Zelda64Recomp/Zelda64Recomp,,repo
zephyr,https://github.com/zephyrproject-rtos/zephyr,,repo
zfs,https://github.com/openzfs/zfs,,repo
zlib,https://github.com/madler/zlib,,repo
ZLMediaKit,https://github.com/ZLMediaKit/ZLMediaKit,,repo
zmap,https://github.com/zmap/zmap,,repo
zstd,https://github.com/facebook/zstd,,repo
